{
    "$schema": "./mfdevice.schema.json",
    "Info": {
      "Label": "Vertical Speed Indicator",
      "Type": "Vertical_Speed_Indicator",
      "Author": "Save Sabanal",
      "URL": "https://github.com/savesabanal01",
      "Version" : "1.0.0"
    },
    "Config": {
      "Pins": [
        "Pin 1",
        "Pin 2",
        "Pin 3"
      ],
      "isI2C": false
    },
    "MessageTypes": [
      {
        "id": 0,
        "label": "Show Vertical Speed Value",
        "description": "$ will be displayed as Vertical Speed value"
      },
      {
        "id": 1,
        "label": "Show Instrument Brightness Value",
        "description": "$ will be displayed as Instrument Brightness value"
      },
      {
        "id": 100,
        "label": "Show Screen Rotation",
        "description": "1 = Normal, 3 = Flipped"
      }
    ]
  }
  